Location,Soil moist,Slope,1day rain in,3day rain in,5day rain in,1day cumu,3day cumu,5 day cumu,soil type
"CALABARZON,Cavite, Amadeo, Salaban",5.3,3,0.012166667,0.039194444,0.023525,0.292,2.822,2.823,2
"CALABARZON, Laguna, Pakil, Casa Real",6,5,0.045208333,0.03175,0.019341667,1.085,2.286,2.321,5
"CALABARZON, Laguna, Pangil, Dambo ",6.4,5,0.144083333,0.079527778,0.058066667,3.458,5.726,6.968,5
"CALABARZON, Laguna, Sta. Maria, Sitio Sulat, Brgy. Parang ng Buho ",6.4,5,0.193208333,0.103263889,0.073425,4.637,7.435,8.811,5
"CALABARZON,Batangas, Batangas City, Tabangao Aplaya ",5.1,4,0.032,0.026055556,0.016633333,0.768,1.876,1.996,2
"CALABARZON,Rizal, Antipolo City, Mambugan ",6.1,4,0.096625,0.046902778,0.032725,2.319,3.377,3.927,3
"CALABARZON,Rizal, Antipolo City, Mayamot ",6,5,0.094291667,0.045125,0.031325,2.263,3.249,3.759,3
"CALABARZON,Quezon, Guinayangan ,Brgy Manggagawa ",6.3,5,0.237625,0.123305556,0.080775,5.703,8.878,9.693,2
"CALABARZON,Quezon, Mauban, Cagsiay III",6,5,0.056875,0.055888889,0.036258333,1.365,4.024,4.351,5
"CALABARZON,Quezon, San Narciso, Brgy. Abuyon",5.4,5,0.253083333,0.128541667,0.083475,6.074,9.255,10.017,2
"MIMAROPA,ORIENTAL MINDORO, Socorro , Mabuhay I ",4.8,5,0.029541667,0.013375,0.0099,0.709,0.963,1.188,3
"REGION 5, CAMARINES NORTE, Jose Panganiban ",6.6,,0.354291667,0.162902778,0.101216667,8.503,11.729,12.146,
"REGION 9,ZAMBOANGA DEL SUR ,Zamboanga City,Purok 5, Bato Lampoon, Brgy. Labuan",5.8,5,0.001,0.031666667,0.02245,0.024,2.28,2.694,3
"REGION 2, ISABELA,Ilagan City,bangag",6.2,2,0.001666667,0.024805556,0.01515,0.04,1.786,1.818,3
"REGION 2, NUEVA VIZCAYA, Ambaguio , Labang",5.5,5,0.000166667,0.036263889,0.025041667,0.004,2.611,3.005,2
"CAR,IFUGAO, Mayoyao, Maga",5.3,3,0.002,0.004319444,0.00815,0.048,0.311,0.978,2
"CAR,IFUGAO, Asipulo, Cawayan",5.7,4,0.000333333,0.036319444,0.025075,0.008,2.615,3.009,3
"CAR,IFUGAO, KALINGA, Balbalan, Balantoy",5.8,4,0.090583333,0.030638889,0.045133333,2.174,2.206,5.416,2
"CAR,IFUGAO, MOUNTAIN PROVINCE, Bontoc, Balili",5.6,6,0.00625,0.006541667,0.010641667,0.15,0.471,1.277,3
"CALABARZON, QUEZON, Mauban, Brgy. Cagsiay I",0.9,4,0.063416667,0.069013889,0.044683333,1.522,4.969,5.362,5
"CALABARZON, QUEZON, Burdeos , Brgy. Poblacion",6,4,0.057291667,0.057208333,0.052891667,1.375,4.119,6.347,2
"CALABARZON, RIZAL, Purok 4, Sapang Bato, Brgy. Ithan",0.7,,0.047875,0.019916667,0.013275,1.149,1.434,1.593,
"MIMAROPA, ORIENTAL MINDORO, Bongabong , Morente",5.4,1,0.001291667,0.005625,0.003408333,0.031,0.405,0.409,2
"MIMAROPA, MARINDUQUE, Mogpog, Balanacan",0,5,0.051875,0.025847222,0.021366667,1.245,1.861,2.564,2
"REGION 5, CAMARINES NORTE, Jose Panganiban, Nakalaya (Purok 1) ",6.3,4,0.085583333,0.045125,0.028858333,2.054,3.249,3.463,2
"REGION 5, CAMARINES NORTE, Jose Panganiban, Sta. Milagrosa (Purok 4)",6.3,4,0.085,0.045763889,0.029191667,2.04,3.295,3.503,2
"REGION 5, CAMARINES NORTE, Jose Panganiban, Sta. Rosa Norte (Purol 4 and Purol 6)",6.3,4,0.086,0.044763889,0.028683333,2.064,3.223,3.442,2
"REGION 5, CAMARINES NORTE, Jose Panganiban, Luklukan Norte (Purok 3 - Creek)",6.3,5,0.085916667,0.044958333,0.028783333,2.062,3.237,3.454,2
"REGION 5, CAMARINES SUR, Baao, Cristo Rey",5.4,4,0.060666667,0.02775,0.026391667,1.456,1.998,3.167,5
"REGION 5, CAMARINES SUR, Buhi, Iraya (Sitio Malitbog)",5.7,5,0.034166667,0.070319444,0.043516667,0.82,5.063,5.222,2
"REGION 5, CAMARINES SUR, Garchitorena, Del Pilar ",6.3,4,0.033125,0.035458333,0.05295,0.795,2.553,6.354,3
"REGION 5, CAMARINES SUR, Lagonoy, Agosais",6.3,5,0.022458333,0.050652778,0.04605,0.539,3.647,5.526,3
"REGION 5, CAMARINES SUR, Lagonoy, San Sebastian ",6.3,5,0.023375,0.047013889,0.043783333,0.561,3.385,5.254,3
"REGION 5, CAMARINES SUR, Presentacion, Bagong Sirang (Zone 3)",6.2,,0.011333333,0.028513889,0.052141667,0.272,2.053,6.257,
"REGION 5, CAMARINES SUR, Presentacion, Liwacsa",6.5,5,0.105625,0.064652778,0.047625,2.535,4.655,5.715,3
"REGION 5, CAMARINES SUR, Presentacion, Pagsangaan",6.3,5,0.032791667,0.035263889,0.052816667,0.787,2.539,6.338,3
"REGION 5, CAMARINES SUR, Presentacion, Sta. Maria",6.4,5,0.038291667,0.037583333,0.024733333,0.919,2.706,2.968,3
"REGION 5, CAMARINES SUR, Sitio Sta. Cruz Brgy. Patitinan",5.6,6,0.006416667,0.076972222,0.050925,0.154,5.542,6.111,2
"REGION 5, CAMARINES SUR, Tinambac, Pantat (Sitio Dancalan)",6.3,3,0.016375,0.088152778,0.071341667,0.393,6.347,8.561,3
"REGION 5, CATANDUANES, Gigmoto, Sicmil",2.6,5,0.129541667,0.047069444,0.03705,3.109,3.389,4.446,3
"REGION 5, MASBATE, Palanas, Antonio Maravilla",0.2,2,0.001666667,0.021444444,0.032716667,0.04,1.544,3.926,2
"REGION 5, SORSOGON, Barcelona, San Isidro",1.7,1,0.096375,0.037486111,0.027158333,2.313,2.699,3.259,3
"REGION 5, SORSOGON, Casiguran, San Pascual (Sitio Kamandag)",2.6,3,0.087166667,0.034388889,0.025716667,2.092,2.476,3.086,3
"REGION 5, SORSOGON, Casiguran, Central",6.5,1,0.002791667,0.025513889,0.031625,0.067,1.837,3.795,3
"REGION 5, SORSOGON, Casiguran, Burgos",2.8,4,0.134583333,0.053055556,0.058233333,3.23,3.82,6.988,3
"REGION 5, SORSOGON, Juban, Biriran (Sitio Cabungahan)",2.8,1,0.003,0.027041667,0.030583333,0.072,1.947,3.67,3
"REGION 5, SORSOGON, Juban, Caruhayon",6.5,4,0.002875,0.026027778,0.032475,0.069,1.874,3.897,3
"REGION 5, SORSOGON, Magallanes, Busay",6.2,1,0.004708333,0.018416667,0.016125,0.113,1.326,1.935,3
"REGION 5, SORSOGON, Matnog, Manjumlad",0,1,0.048,0.029652778,0.019433333,1.152,2.135,2.332,3
"REGION 5, SORSOGON, Sorsogon City, Panlayaan",2.8,5,0.000125,0.002861111,0.004233333,0.003,0.206,0.508,3
"REGION 6, ILOILO, Dingle, Ginalinan Nuevo",6.1,1,0.011458333,0.013944444,0.014258333,0.275,1.004,1.711,5
"REGION 6, NEGROS OCCIDENTAL, Talisay, Brgy. San Fernando",5.9,6,0.10025,0.07025,0.045633333,2.406,5.058,5.476,3
"REGION 6, NEGROS OCCIDENTAL, Enrique B. Magalona (Saravia), Brgy. Canlusong",6.8,5,0.04025,0.115861111,0.087125,0.966,8.342,10.455,5
"REGION 7, BOHOL, Candijay, Canawa",5.5,4,0.015291667,0.013527778,0.013208333,0.367,0.974,1.585,3
"REGION 7, BOHOL, Candijay, Cambane",5.5,5,0.01625,0.014291667,0.013675,0.39,1.029,1.641,2
"REGION 8, NORTHERN SAMAR, Catarman, Cal-igang",7.3,4,0.309458333,0.107472222,0.06915,7.427,7.738,8.298,3
"REGION 8, EASTERN SAMAR, Borongan, Siha",5.3,4,0.193125,0.187458333,0.155508333,4.635,13.497,18.661,2
"REGION 10, BUKIDNON, Talakag, Sitio Kaulayanan, Brgy. Basac",6.4,3,0.000333333,0.023722222,0.019683333,0.008,1.708,2.362,5
"REGION 11, DAVAO DE ORO, Monkayo, Upper Ulip",5.5,5,0.013083333,0.013222222,0.038766667,0.314,0.952,4.652,3
"REGION 11, DAVAO DE ORO, Monkayo, Upper Ulip",5.4,5,0.178791667,0.093388889,0.058825,4.291,6.724,7.059,3
"REGION 11, DAVAO DE ORO, Maco, Mainit",6,6,0.021333333,0.007222222,0.004333333,0.512,0.52,0.52,3
"REGION 11, DAVAO DE ORO, Maco, Panoraon",6.3,6,0.007833333,0.010263889,0.007475,0.188,0.739,0.897,3
"REGION 11, DAVAO DE ORO, Maco, Teresa",6.5,6,0.044291667,0.015375,0.009225,1.063,1.107,1.107,3
"REGION 11, DAVAO DE ORO, Maco, Gubatan",6.5,6,0.038416667,0.027625,0.016908333,0.922,1.989,2.029,3
"REGION 11, DAVAO DE ORO, Maragusan (San Mariano), Tandik",6.5,6,0.038416667,0.027625,0.016908333,0.922,1.989,2.029,3
"REGION 11, DAVAO DE ORO, Maragusan (San Mariano), New Manay",6.5,5,0.038416667,0.027625,0.016908333,0.922,1.989,2.029,3
"REGION 11, DAVAO DE ORO, Maragusan (San Mariano), Talian",6.5,6,0.038416667,0.027625,0.016908333,0.922,1.989,2.029,3
"REGION 11, DAVAO DE ORO, Mawab, Poblacion",6.5,1,0.044291667,0.015375,0.009225,1.063,1.107,1.107,3
"REGION 11, DAVAO DE ORO, Mawab, Sawangan",6.3,4,0.000666667,0.014541667,0.017616667,0.016,1.047,2.114,3
"REGION 11, DAVAO DE ORO, New Bataan, Magangit",6.5,1,0.038416667,0.027625,0.016908333,0.922,1.989,2.029,3
"REGION 12, SARANGANI, Maitum, Upo",5.5,6,0.043375,0.029555556,0.028916667,1.041,2.128,3.47,2
"REGION 2, BATANES, Basco, Chanarian",0,4,0.052166667,0.022861111,0.024866667,1.252,1.646,2.984,
"REGION 2, CAGAYAN, Lal-lo, Bicud",5.1,4,0.11875,0.045194444,0.028175,2.85,3.254,3.381,3
"REGION 11, DAVAO DE ORO, Compostela, Panansalan",5.1,5,0.09925,0.046111111,0.030608333,2.382,3.32,3.673,3
"REGION 11, DAVAO DE ORO, Compostela, Ngan",5.1,1,0.09925,0.046111111,0.030608333,2.382,3.32,3.673,3
"REGION 11, DAVAO DE ORO, Laak (San Vicente), El Katipunan",5.6,4,0.015333333,0.010875,0.007491667,0.368,0.783,0.899,3
"REGION 11, DAVAO DE ORO, Laak (San Vicente), New Bethlehem",5.1,4,0.0085,0.004055556,0.002866667,0.204,0.292,0.344,2
"REGION 11, DAVAO DE ORO, Laak (San Vicente), Sabud",5.1,4,0.0085,0.004055556,0.002866667,0.204,0.292,0.344,2
"REGION 11, DAVAO DE ORO, Laak (San Vicente), Sta. Emilia",5.3,4,0.022958333,0.011375,0.007291667,0.551,0.819,0.875,2
"REGION 11, DAVAO DE ORO, Laak (San Vicente), Kidawa",5.3,4,0.015083333,0.0095,0.006433333,0.362,0.684,0.772,2
"REGION 11, DAVAO DE ORO, Laak (San Vicente), Buhi Ampawid",4.8,4,0.006875,0.012777778,0.008666667,0.165,0.92,1.04,2
"REGION 11, DAVAO DE ORO, Laak (San Vicente), Sto. Nino",5.1,3,0.016375,0.035875,0.021525,0.393,2.583,2.583,2
"REGION 11, DAVAO DE ORO, Laak (San Vicente), Kaligutan",5.2,3,0.147458333,0.068069444,0.051016667,3.539,4.901,6.122,3
"REGION 11, DAVAO DE ORO, Maragusan, Tandik, Purok Bagong Silang",6.3,6,0.016375,0.035875,0.021525,0.393,2.583,2.583,3
"REGION 11, DAVAO DE ORO, Maragusan,Lahi, Purok Macopa Lanzones",6.2,6,0.016375,0.035875,0.021525,0.393,2.583,2.583,3
"REGION 11, DAVAO DE ORO, Maragusan, Mabugnao",6.3,6,0.016375,0.035875,0.021525,0.393,2.583,2.583,3
"REGION 11, DAVAO DE ORO, Maragusan, Langgawisan",6.2,6,0.016375,0.035875,0.021525,0.393,2.583,2.583,3
"REGION 11, DAVAO DE ORO, Monkayo, Mt. Diwata",5.6,6,0.09925,0.046111111,0.030608333,2.382,3.32,3.673,3
"REGION 11, DAVAO DE ORO, Monkayo, P-22, 2000, Mt. Diwata",5.8,6,0.09125,0.119722222,0.07965,2.19,8.62,9.558,3
"REGION 11, DAVAO DE ORO, Monkayo, P-20, Pagasa, Mt. Diwata",5.8,6,0.09125,0.119722222,0.07965,2.19,8.62,9.558,3
"REGION 11, DAVAO DE ORO, Monkayo, Banlag, P. Waling Waling and Sitio Moria",5.3,4,0.015083333,0.009555556,0.006466667,0.362,0.688,0.776,3
"REGION 11, DAVAO DE ORO, Monkayo, P-1, Banlag",5.3,4,0.015083333,0.009555556,0.006466667,0.362,0.688,0.776,3
"REGION 11, DAVAO DE ORO, Monkayo, Rizal",5.6,5,0.015333333,0.010875,0.007491667,0.368,0.783,0.899,3
"REGION 11, DAVAO DE ORO, Montevista, Tapia",5.1,5,0.010916667,0.005194444,0.003716667,0.262,0.374,0.446,3
"REGION 11, DAVAO DE ORO, Montevista, Camantangan",5.3,4,0.050875,0.016958333,0.010175,1.221,1.221,1.221,3
"REGION 11, DAVAO DE ORO, Montevista, New Cebulan",5.3,5,0.050875,0.016958333,0.010175,1.221,1.221,1.221,3
"REGION 11, DAVAO DE ORO, Montevista, New Cebulan",6,5,0.147458333,0.068069444,0.051016667,3.539,4.901,6.122,3
"REGION 11, DAVAO DE ORO, Montevista, Bangkeruhan Sur",5.9,1,0.016375,0.035875,0.021525,0.393,2.583,2.583,3
"REGION 11, DAVAO ORIENTAL, Caraga, Don Leon Balante",5.6,4,0.111708333,0.050861111,0.03185,2.681,3.662,3.822,3
"REGION 11, DAVAO ORIENTAL, Caraga, Lamiawan",6.5,6,0.075375,0.103888889,0.0664,1.809,7.48,7.968,3
"REGION 11, DAVAO ORIENTAL, Caraga, Manorigao",5.5,4,0.014166667,0.008444444,0.0055,0.34,0.608,0.66,3
"REGION 11, DAVAO DEL SUR, Malalag, Bolton, ",4.6,2,0.016375,0.035875,0.021525,0.393,2.583,2.583,3
"REGION 2, NUEVA VIZCAYA, Bambang, Magsasay Hills",6,3,0.022958333,0.010597222,0.009966667,0.551,0.763,1.196,3
"REGION 2, NUEVA VIZCAYA, Ambaguio, Poblacion",6,6,0.082,0.029055556,0.023933333,1.968,2.092,2.872,3
"REGION 2, NUEVA VIZCAYA, Kayapa, Mapayao",6,5,0.098708333,0.034541667,0.0277,2.369,2.487,3.324,3
"CALABARZON, RIZAL, Binangonan, Calumpang",6,1,0.023708333,0.027111111,0.016916667,0.569,1.952,2.03,5
"REGION 1, LA UNION, Rosario, Purok 1 Cataguintingan",6.2,4,0.045583333,0.021208333,0.015016667,1.094,1.527,1.802,3
"REGION 3, ZAMBALES, Subic, Cawag",6.4,4,0.086,0.046833333,0.029875,2.064,3.372,3.585,2
"CALABARZON, CAVITE, General Mariano Alvarez, Brgy. Calimag",5.5,4,0.007916667,0.010375,0.038925,0.19,0.747,4.671,2
"CALABARZON, CAVITE, General Mariano Alvarez, Brgy. Olaes",5.3,3,0.041708333,0.019569444,0.029883333,1.001,1.409,3.586,2
"CALABARZON, CAVITE, General Mariano Alvarez, Brgy. F Reyes",5.3,2,0.044291667,0.020930556,0.031908333,1.063,1.507,3.829,2
"CALABARZON, RIZAL, Antipolo, Cupang",6.2,4,0.02825,0.014291667,0.031191667,0.678,1.029,3.743,3
"CALABARZON, RIZAL, Antipolo, Mayamot",6.1,2,0.024125,0.011736111,0.030408333,0.579,0.845,3.649,3
"CALABARZON, RIZAL, Antipolo, San Jose",5.8,4,0.037,0.020458333,0.033158333,0.888,1.473,3.979,3
"REGION 5, CAMARINES SUR, Buhi, 1",5.8,,0.0115,0.112083333,0.0683,0.276,8.07,8.196,
"REGION 6, AKLAN, Nabas, Gibon",6.4,1,0.017625,0.044125,0.032583333,0.423,3.177,3.91,3
"REGION 1, ILOCOS SUR, Salcedo (Baugen), Kaliwasiw",3.4,4,0.021666667,0.014430556,0.010883333,0.52,1.039,1.306,3
"REGION 1, ILOCOS SUR, Sugpon, Zone 1, Balbalayang",5.8,1,0.07975,0.041347222,0.028658333,1.914,2.977,3.439,3
"REGION 1, ILOCOS SUR, Sugpon, Zone 3, Balbalayang",6.5,1,0.427125,0.171694444,0.1127,10.251,12.362,13.524,3
"REGION 1, ILOCOS SUR, Sugpon, Zone 6, Balbalayang",6.5,1,0.427125,0.171694444,0.1127,10.251,12.362,13.524,3
"REGION 1, ILOCOS SUR, Sugpon, Pangotan",5.8,6,0.07975,0.041347222,0.028658333,1.914,2.977,3.439,3
"CALABARZON, RIZAL, Taytay, Brgy. Muzon (Maharlika Creekside)",0.8,1,0.125833333,0.051972222,0.038966667,3.02,3.742,4.676,3
"CALABARZON, RIZAL, Taytay, Brgy. Muzon (Maniano Sitio Gulod)",0.8,1,0.161833333,0.103069444,0.070908333,3.884,7.421,8.509,3
"CALABARZON, RIZAL, Taytay, Brgy. Muzon (Maharlika)",0,1,0,0,0,0,0,0,3
"CALABARZON, RIZAL, Taytay, Brgy. San Isidro (Lower Manggahan)",0.8,1,0.1545,0.098361111,0.066525,3.708,7.082,7.983,3
"CALABARZON, RIZAL, Antipolo, Sitio Bautista, Brgy. San Jose",0.8,4,0.164583333,0.106097222,0.071133333,3.95,7.639,8.536,3
"CALABARZON, RIZAL, Antipolo, San Roque (Eastview 4 Subdivision, Sitio Ahon)",0.8,2,0.164833333,0.106416667,0.071825,3.956,7.662,8.619,3
"CALABARZON, RIZAL, Antipolo, San Jose (Sitio Buhanginan)",0.8,4,0.293416667,0.214069444,0.13655,7.042,15.413,16.386,3
"CALABARZON, RIZAL, Antipolo, Brgy. Cupang (along Marcos Highway Kingsway, Hardrock)",6.6,4,0.144958333,0.092944444,0.061066667,3.479,6.692,7.328,3
"CALABARZON, RIZAL, Antipolo, Calawis (Purok 6)",6.6,5,0.1845,0.118722222,0.078133333,4.428,8.548,9.376,3
"REGION 7, NEGROS ORIENTAL, Santa Catalina, Nagbalaye",4.9,4,0.005083333,0.004819444,0.003225,0.122,0.347,0.387,2
"REGION 9, ZAMBOANGA DEL SUR, Zamboanga City, Pamucutan",5.9,4,0.000833333,0.007805556,0.00915,0.02,0.562,1.098,3
"REGION 9, ZAMBOANGA DEL SUR, Kumalarang, Picanan",6.1,1,0.023583333,0.037972222,0.054008333,0.566,2.734,6.481,3
"REGION 11, DAVAO OCCIDENTAL, Sarangani, Konel",0.5,4,0.289375,0.137027778,0.094841667,6.945,9.866,11.381,2
"REGION 11, DAVAO DEL NORTE, Samal, Balet",1.7,1,0.000833333,0.059013889,0.043608333,0.02,4.249,5.233,2
"CARAGA, AGUSAN DEL SUR, Talacogon, Culi-ram",4.8,4,0.018875,0.011319444,0.013383333,0.453,0.815,1.606,1
"CARAGA, SURIGAO DEL NORTE, San Francisco (Anao-Aon), Oslao",4.5,5,0.081833333,0.048736111,0.031108333,1.964,3.509,3.733,3
"BARMM, LANAO DEL SUR, Amai Manabilang (Bumbaran)",6.4,,0.078708333,0.069972222,0.047491667,1.889,5.038,5.699,
"CALABARZON, QUEZON, Lucban, Brgy. Piis",4.6,3,0.127916667,0.045277778,0.029533333,3.07,3.26,3.544,3
"CALABARZON, QUEZON, Mauban, Brgy. Daungan (Sitio Camposano)",0.5,1,0.132583333,0.051041667,0.0322,3.182,3.675,3.864,5
"CALABARZON, QUEZON, Mauban, Liwayway (Ilaya)",4.6,4,0.133541667,0.047972222,0.031225,3.205,3.454,3.747,5
"CALABARZON, RIZAL, Taytay, Golden City, Brgy. Dolores",0.5,3,0.038625,0.014833333,0.0089,0.927,1.068,1.068,3
"REGION 8, EASTERN SAMAR, San Julian, Libas",4.1,4,0.0005,0.007055556,0.004975,0.012,0.508,0.597,3
"REGION 8, EASTERN SAMAR, Balangiga, Guinmaayohan",4,4,0.122833333,0.044236111,0.02855,2.948,3.185,3.426,2
"REGION 11, DAVAO DE ORO, Monkayo, Purok 2A, Poblacion",5.5,1,0.000833333,0.006486111,0.005758333,0.02,0.467,0.691,3
"REGION 11, DAVAO DE ORO, Monkayo, Poblacion",6.8,1,0.047375,0.038097222,0.026583333,1.137,2.743,3.19,3
"REGION 11, DAVAO DE ORO, Monkayo, Mt. Diwata",6.7,6,0.063041667,0.073986111,0.057908333,1.513,5.327,6.949,3
"REGION 11, DAVAO DE ORO, Monkayo, Olaycon",5.5,5,0.000833333,0.006486111,0.005758333,0.02,0.467,0.691,3
"REGION 11, DAVAO DE ORO, Monkayo, Macopa",6.8,1,0.047375,0.038097222,0.026583333,1.137,2.743,3.19,3
"REGION 11, DAVAO DE ORO, Monkayo, P8, Pasian",6.5,5,0.0025,0.033625,0.041108333,0.06,2.421,4.933,3
"REGION 11, DAVAO DE ORO, New Bataan, P-15, Camanlangan",6.9,6,0.0305,0.011708333,0.009458333,0.732,0.843,1.135,3
"REGION 11, DAVAO DE ORO, Maco, Elizalde",6.7,6,0.0305,0.011708333,0.009458333,0.732,0.843,1.135,3
"REGION 11, DAVAO DE ORO, Maragusan (San Mariano), New Panay",6.7,6,0.0305,0.011708333,0.009458333,0.732,0.843,1.135,3
"REGION 11, DAVAO DE ORO, Nabunturan, New Sibonga",6.9,4,0.0305,0.011708333,0.009458333,0.732,0.843,1.135,3
"REGION 11, DAVAO DE ORO, Pantukan, Las Arenas",6.8,6,0.0305,0.011708333,0.009458333,0.732,0.843,1.135,3
"REGION 11, DAVAO DE ORO, Pantukan, Tagugpo",6.8,6,0.045916667,0.087819444,0.053616667,1.102,6.323,6.434,2
"REGION 11, DAVAO DE ORO, Laak, Mabuhay",6.9,4,0.034916667,0.060763889,0.036933333,0.838,4.375,4.432,2
"REGION 11, DAVAO DE ORO, Mabini, Anitapan",6.7,5,0.0305,0.011708333,0.009458333,0.732,0.843,1.135,3
"REGION 11, DAVAO DE ORO, Mabini, Anitapan",6.7,5,0.0305,0.011708333,0.009458333,0.732,0.843,1.135,3
"REGION 11, DAVAO ORIENTAL, Boston, Prk Tambis, Brgy Sibahay",6.1,4,0.017708333,0.024777778,0.020916667,0.425,1.784,2.51,3
"REGION 11, DAVAO ORIENTAL, Boston, Prk Bong-on, Brgy Sibahay",6.5,4,0.160541667,0.063402778,0.049991667,3.853,4.565,5.999,3
"REGION 11, DAVAO ORIENTAL, Boston, Prk San Flower, Sumilao, & Old Panaohon, Brgy Poblacion",5.3,5,0.022916667,0.030166667,0.02265,0.55,2.172,2.718,3
"REGION 11, DAVAO ORIENTAL, Boston, Cawayanan",6.4,4,0.089416667,0.036263889,0.03205,2.146,2.611,3.846,3
"REGION 11, DAVAO ORIENTAL, Lupon, Banhawan, Marayag",6.8,5,0.0305,0.011708333,0.009458333,0.732,0.843,1.135,2
"REGION 11, DAVAO ORIENTAL, Lupon, New Tuburan, San Isidro",2.7,5,0.0305,0.011708333,0.009458333,0.732,0.843,1.135,3
"REGION 11, DAVAO ORIENTAL, Lupon, Quarry & Mag-uuma, Brgy Marayag",2.7,5,0.0305,0.011708333,0.009458333,0.732,0.843,1.135,3
"REGION 11, DAVAO ORIENTAL, Lupon, Linao, Don Marcos",2.6,4,0.004291667,0.001541667,0.003358333,0.103,0.111,0.403,3
"REGION 11, DAVAO ORIENTAL, Lupon, Waywayan, Don Marcos",2.7,4,0.0305,0.011708333,0.009458333,0.732,0.843,1.135,3
"REGION 11, DAVAO ORIENTAL, Lupon, P8, 1 & 4, New Visayas",2.7,5,0.0305,0.011708333,0.009458333,0.732,0.843,1.135,3
"REGION 11, DAVAO ORIENTAL, Mati, Badas",5.6,5,0.004291667,0.001541667,0.003358333,0.103,0.111,0.403,3
"REGION 11, DAVAO ORIENTAL, Mati, Central",6.7,5,0.187041667,0.073944444,0.044433333,4.489,5.324,5.332,3
"REGION 11, DAVAO ORIENTAL, Mati, Mayo",6.4,1,0.0305,0.011708333,0.009458333,0.732,0.843,1.135,2
"REGION 11, DAVAO CITY, No breakdown, Sitio Yuhico Upper Kibalang, Marilog Proper",5.7,5,0.187041667,0.073944444,0.044433333,4.489,5.324,5.332,5
"CARAGA, AGUSAN DEL SUR, Trento, Santa Maria",7,4,0.052166667,0.051708333,0.040491667,1.252,3.723,4.859,2
"CARAGA, AGUSAN DEL SUR, Trento, Poblacion",5.7,3,0.001,0.006111111,0.0055,0.024,0.44,0.66,3
"CARAGA, AGUSAN DEL SUR, Trento, Pangyan",6.9,4,0.030291667,0.071152778,0.063283333,0.727,5.123,7.594,3
"CARAGA, AGUSAN DEL SUR, Trento, Cebolin",6.9,4,0.030291667,0.071152778,0.063283333,0.727,5.123,7.594,3
"CARAGA, AGUSAN DEL SUR, Trento, Salvacion",6.9,3,0.030291667,0.071152778,0.063283333,0.727,5.123,7.594,3
"CARAGA, AGUSAN DEL SUR, Trento, Cuevas",6.9,3,0.01825,0.049,0.040808333,0.438,3.528,4.897,3
"CARAGA, AGUSAN DEL SUR, Veruela, Katipunan - Sta. Cruz Road Section (Km. 23 portion)",6.4,4,0.075291667,0.052069444,0.031808333,1.807,3.749,3.817,3
"CARAGA, AGUSAN DEL SUR, Loreto, Sabud",6.4,4,0.064333333,0.031916667,0.019616667,1.544,2.298,2.354,2
"CARAGA, AGUSAN DEL SUR, San Luis, Dona Flavia",5,4,0.001958333,0.000930556,0.003133333,0.047,0.067,0.376,1
"CARAGA, AGUSAN DEL SUR, San Luis, Dona Maxima",5.5,1,0.055708333,0.027597222,0.016725,1.337,1.987,2.007,1
"CARAGA, BUTUAN CITY, Butuan, Don Francisco",5.9,4,0.050875,0.029472222,0.01795,1.221,2.122,2.154,3
"CARAGA, SURIGAO DEL SUR, Barobo, Sudlon",6.4,6,0.040541667,0.050444444,0.030766667,0.973,3.632,3.692,2
"REGION 11, DAVAO DE ORO, Maragusan (San Mariano), Katipunan",4.9,6,0,0.000277778,0.000266667,0,0.02,0.032,3
"REGION 11, DAVAO DE ORO, Maragusan (San Mariano), Langgawisan",5.4,6,0.041041667,0.013791667,0.008275,0.985,0.993,0.993,3
"REGION 11, DAVAO DE ORO, Compostela, Ngan",4.8,1,0.09125,0.033416667,0.023333333,2.19,2.406,2.8,3
"CALABARZON, QUEZON, Mauban, Brgy. Alitap",0.8,5,0.046291667,0.032819444,0.025041667,1.111,2.363,3.005,5
"CALABARZON, QUEZON, Mauban, Sitio Bundok, Brgy. San Gabriel",0.8,4,0.045916667,0.032625,0.024991667,1.102,2.349,2.999,5
"CALABARZON, QUEZON, Mauban, Sitio Kalumpit Brgy. Santa Lucia",6.5,5,0.046875,0.033097222,0.0251,1.125,2.383,3.012,5
"REGION 5, SORSOGON, Gubat, Santa Ana",2.6,3,0.057833333,0.037652778,0.0498,1.388,2.711,5.976,3
"REGION 5, SORSOGON, Barcelona, Cagang",1.8,4,0.097125,0.077625,0.056425,2.331,5.589,6.771,3
"REGION 5, CAMARINES NORTE, San Roque",5,4,0.172916667,0.060652778,0.037291667,4.15,4.367,4.475,4
"REGION 5, CAMARINES NORTE, Itok",6.3,4,0.053333333,0.056138889,0.035758333,1.28,4.042,4.291,4
"REGION 5, CAMARINES NORTE, Jose Panganiban, Calero",6,4,0.0755,0.048541667,0.033458333,1.812,3.495,4.015,3
"REGION 5, CAMARINES NORTE, Jose Panganiban, Luklukan Norte",6,5,0.075958333,0.049194444,0.033725,1.823,3.542,4.047,3
"REGION 5, CAMARINES NORTE, Jose Panganiban, Sta. Milagrosa",6,4,0.075333333,0.048305556,0.03335,1.808,3.478,4.002,3
"REGION 5, CAMARINES NORTE, Jose Panganiban, Sta. Rosa Norte",6,4,0.076208333,0.049486111,0.033858333,1.829,3.563,4.063,3
"REGION 5, CAMARINES NORTE, Jose Panganiban, San Isidro",6,4,0.075416667,0.048319444,0.033366667,1.81,3.479,4.004,4
"REGION 8, NORTHERN SAMAR, Catarman, Washington",6.9,4,0.02625,0.029847222,0.043075,0.63,2.149,5.169,3
"REGION 1, ILOCOS SUR, Sinait, Saprina",2.8,2,0.085,0.031277778,0.0191,2.04,2.252,2.292,3
"REGION 2, CAGAYAN , Lal-lo, Zone 1-2 Centro",6.7,3,0.098708333,0.082402778,0.089866667,2.369,5.933,10.784,3
"REGION 2, CAGAYAN , Penablanca, Patagueleg",6.1,1,0.05025,0.083666667,0.051841667,1.206,6.024,6.221,3
"REGION 3, BATAAN, Orion, , Daan Pare",0.7,5,0.040041667,0.020763889,0.022541667,0.961,1.495,2.705,5
"CALABARZON, CAVITE, General Trias, San Francisco",3.9,1,0.034708333,0.015666667,0.020716667,0.833,1.128,2.486,5
"CALABARZON, RIZAL, San Mateo, Malanday (Upper Patiis Road)",,1,0.156458333,0.069541667,0.0441,3.755,5.007,5.292,3
"CALABARZON, RIZAL, San Mateo, Silangan (Purok 2)",6.4,4,0.149125,0.066638889,0.042708333,3.579,4.798,5.125,3
"CALABARZON, RIZAL, San Mateo, Ampid (lower Pagasa)",6.4,1,0.171958333,0.075652778,0.047033333,4.127,5.447,5.644,3
"MIMAROPA, OCCIDENTAL MINDORO, Sablayan, San Francisco",6.4,6,0.227416667,0.115597222,0.077533333,5.458,8.323,9.304,2
"MIMAROPA, PALAWAN, Busuanga, Sto. Niño",6.5,5,0.057083333,0.043333333,0.029358333,1.37,3.12,3.523,3
"MIMAROPA, PALAWAN, Busuanga, Culion, Tiza",6.1,5,0.049083333,0.02475,0.021883333,1.178,1.782,2.626,3
"MIMAROPA, PALAWAN, Busuanga, Baldat",6.5,5,0.057083333,0.043333333,0.029358333,1.37,3.12,3.523,3
"CAR, BENGUET, Kibungan, Madaymen",5.9,6,0.139833333,0.120152778,0.086566667,3.356,8.651,10.388,2
"CALABARZON, RIZAL, Taytay, Dolores",0.7,3,0.015375,0.013402778,0.0124,0.369,0.965,1.488,3
"CALABARZON, RIZAL, Baras, Pinugay",0.7,4,0.066958333,0.030763889,0.022491667,1.607,2.215,2.699,5
"REGION 6, ANTIQUE, Tobias Fornier (Dao), Abaca",6.3,1,0.024375,0.020555556,0.020308333,0.585,1.48,2.437,5
"REGION 6, AKLAN, Nabas, Gibon",6.5,1,0.029708333,0.019875,0.017941667,0.713,1.431,2.153,3
"REGION 6, ILOILO, San Joaquin, Tiolas",6.6,5,0.00975,0.031638889,0.034941667,0.234,2.278,4.193,3
"REGION 1, ILOCOS NORTE, Pagudpud, Sitio Banquero, Barangay Pancian",4.7,6,0.040416667,0.013527778,0.008116667,0.97,0.974,0.974,3
"REGION 1, PANGASINAN, Bani, San Jose Zone 3, Sitio Oboy-Oboy",3,1,0.097125,0.037291667,0.022641667,2.331,2.685,2.717,2
"REGION 1, PANGASINAN, Bani, Tiep Zone 1, Zigzag Roadside",3,1,0.097125,0.037291667,0.022641667,2.331,2.685,2.717,2
"REGION 1, PANGASINAN, Bani, Dacap Sur, Sitio Olanen",3,3,0.097125,0.037291667,0.022641667,2.331,2.685,2.717,3
"CALABARZON, RIZAL, Antipolo, Sitio Puting Bato 1, Brgy. San Luis",6.2,2,0.080083333,0.080527778,0.048608333,1.922,5.798,5.833,3
"CALABARZON, RIZAL, Antipolo, Vista Grande, Brgy. Sta Cruz",0.7,2,0.022083333,0.063777778,0.051133333,0.53,4.592,6.136,3
"MIMAROPA, PALAWAN, El Nido (Bacuit), Corong-Corong",3.6,5,0.017916667,0.013666667,0.01,0.43,0.984,1.2,3
"REGION 6, ANTIQUE, Tobias Fornier (Dao), Fatima",6.6,4,0.044541667,0.040888889,0.043208333,1.069,2.944,5.185,5
"REGION 1, LA UNION, Burgos, Delles",4.9,6,0.1585,0.056527778,0.043025,3.804,4.07,5.163,3
"REGION 1, LA UNION, Santol, Puguil",5.1,6,0.145791667,0.051958333,0.039991667,3.499,3.741,4.799,3
"REGION 1, LA UNION, San Fernando, Biday",2.7,1,0.227166667,0.122402778,0.075516667,5.452,8.813,9.062,3
"REGION 1, LA UNION, Bagulin, Cardiz",5.1,6,0.155333333,0.055180556,0.042166667,3.728,3.973,5.06,3
"REGION 11, DAVAO DE ORO, Maco, Elizalde",5.7,6,0.006541667,0.012027778,0.009183333,0.157,0.866,1.102,3
"REGION 11, DAVAO DE ORO, Maco, Tagbaros",6.1,6,0.006541667,0.012027778,0.009183333,0.157,0.866,1.102,3
"REGION 11, DAVAO DE ORO, Maco, Maapang",5.8,5,0.041041667,0.025708333,0.015425,0.985,1.851,1.851,2
"REGION 11, DAVAO DE ORO, Mabini (Doña Alicia), Golden Valley",5.7,6,0.006541667,0.012027778,0.009183333,0.157,0.866,1.102,2
"REGION 11, DAVAO DE ORO, Maragusan (San Mariano), Mapawa (Quarry Site)",6,6,0,0.015861111,0.015425,0,1.142,1.851,3
"REGION 11, DAVAO ORIENTAL, Mati, Don Salvador Lopez",5.3,6,0,0.015861111,0.015425,0,1.142,1.851,3
"REGION 5, CAMARINES SUR, Lagonoy, San Sebastian",5.8,5,0.00875,0.006013889,0.006858333,0.21,0.433,0.823,2
"REGION 5, CAMARINES SUR, Presentacion, Pagsangaan",5.9,5,0.074125,0.028416667,0.018533333,1.779,2.046,2.224,3
"REGION 5, CAMARINES SUR, Presentacion, Zone 4 Brgy. Sta. Maria",5.9,5,0.073833333,0.028305556,0.018491667,1.772,2.038,2.219,3
"REGION 5, CAMARINES SUR, Lupi, San Pedro",6.6,3,0.178791667,0.067194444,0.046208333,4.291,4.838,5.545,5
"REGION 5, CAMARINES SUR, Garchitorena, Burabod to Cagamutan",5.9,5,0.074708333,0.028597222,0.018616667,1.793,2.059,2.234,3
"REGION 5, CAMARINES NORTE, Vinzons, Brgy Catioan, Sitio Talagpucao",3.1,4,0.178791667,0.068416667,0.046941667,4.291,4.926,5.633,3
"REGION 5, CAMARINES NORTE, Jose Panganiban, Brgy Calero, P4",6,4,0.032458333,0.012972222,0.014125,0.779,0.934,1.695,3
"REGION 2, CAGAYAN, Lal-lo, Magapit",5.2,5,0.004625,0.004152778,0.005541667,0.111,0.299,0.665,3
"REGION 5, CATANDUANES, Panganiban, San Antonio",5.9,1,0.057416667,0.022833333,0.020916667,1.378,1.644,2.51,3
"REGION 5, CATANDUANES, San Andres, Lubas",5.2,6,0.071708333,0.031861111,0.03005,1.721,2.294,3.606,3
"REGION 5, CATANDUANES, Bato, Aroyao Pequeno",5.2,5,0.057416667,0.022166667,0.020516667,1.378,1.596,2.462,3
"REGION 5, CATANDUANES, Caramoran, Lubas",5.2,5,0.071708333,0.031861111,0.03005,1.721,2.294,3.606,3
"REGION 5, CATANDUANES, Gigmoto, Sioron",2.3,5,0.057416667,0.022611111,0.020783333,1.378,1.628,2.494,2
"REGION 5, CATANDUANES, Viga, Ogbong",5.9,4,0.057416667,0.022833333,0.020916667,1.378,1.644,2.51,3
"REGION 5, SORSOGON, Juban, Taboc (Sitio Sigad)",6.2,4,0.01725,0.037180556,0.032241667,0.414,2.677,3.869,3
"REGION 5, SORSOGON, Sorsogon City, Buenavista",2.4,3,0.017416667,0.038694444,0.0303,0.418,2.786,3.636,3
"REGION 6, CAPIZ, Dumalag, Sta Teresa",5.6,4,0.004916667,0.00375,0.007483333,0.118,0.27,0.898,3
"REGION 6, NEGROS OCCIDENTAL, Cauayan, Abaca",2.7,5,0.012166667,0.004111111,0.003066667,0.292,0.296,0.368,2
"REGION 8, LEYTE, Ormoc, Liberty",5.1,6,0.003166667,0.006347222,0.018341667,0.076,0.457,2.201,2
"REGION 9, ZAMBOANGA DEL NORTE, Dapitan, Diwaan",5.8,5,0.0005,0.003361111,0.002183333,0.012,0.242,0.262,3
"REGION 9, ZAMBOANGA DEL NORTE, Dipolog, San Jose",6.4,4,0.001791667,0.0735,0.04515,0.043,5.292,5.418,3
"REGION 11, DAVAO DE ORO, Monkayo, Haguimitan",6.2,4,0.177166667,0.071083333,0.051833333,4.252,5.118,6.22,3
"REGION 11, DAVAO DE ORO, Monkayo, Mt. Diwata, Purok 3",5.5,6,0.177166667,0.071083333,0.051833333,4.252,5.118,6.22,3
"REGION 11, DAVAO DE ORO, Monkayo, Casoon",6,4,0.177166667,0.071083333,0.051833333,4.252,5.118,6.22,3
"REGION 11, DAVAO DE ORO, Compostela, Ngan",5.5,1,0.177166667,0.071083333,0.051833333,4.252,5.118,6.22,3
"REGION 11, DAVAO DE ORO, Maco, Gubaan",5.8,6,0.001666667,0.003347222,0.006275,0.04,0.241,0.753,3
"REGION 12, COTABATO, Makilala, Buhay",5.8,6,0.000666667,0.000986111,0.004858333,0.016,0.071,0.583,3
"REGION 12, SARANGANI, Malapatan, Upper Suyan",4.5,5,0.001666667,0.002958333,0.004583333,0.04,0.213,0.55,2
"CARAGA, BUTUAN CITY, Butuan, De Oro",6.1,5,0.07875,0.040819444,0.062216667,1.89,2.939,7.466,3
"CARAGA, BUTUAN CITY, Butuan, Bugsukan",6.1,5,0.07875,0.040819444,0.062216667,1.89,2.939,7.466,3
"CALABARZON, LAGUNA, Alaminos, Sta. Rosa",5.9,5,0.06475,0.024194444,0.031166667,1.554,1.742,3.74,5
"CALABARZON, LAGUNA, Cavinti, Labayo",6.3,4,0.106583333,0.041055556,0.049791667,2.558,2.956,5.975,5
"CALABARZON, LAGUNA, Nagcarlan, Lawagin",6.3,5,0.082875,0.030472222,0.0388,1.989,2.194,4.656,2
"CALABARZON, LAGUNA, Pangil, Dambo",6.3,1,0.0965,0.036625,0.061725,2.316,2.637,7.407,5
"CALABARZON, LAGUNA, Rizal, Tala",6.2,4,0.096291667,0.036111111,0.0399,2.311,2.6,4.788,5
"MIMAROPA, PALAWAN, Culion, Malaking Patag",5,4,0.034791667,0.024069444,0.017575,0.835,1.733,2.109,3
"REGION 6, NEGROS OCCIDENTAL, Bago, Brgy. Ilijan, Purok Manokan",5.9,2,0.219666667,0.09,0.062958333,5.272,6.48,7.555,3
"REGION 7, CEBU, Cebu City, Sitio Hamtikto Sitio Bay-ang Barangay Babag",5.6,4,0.011333333,0.011916667,0.034616667,0.272,0.858,4.154,3
"REGION 7, CEBU, Cebu City, Sitio Candarong Pulangbato",5.1,5,0.010166667,0.011416667,0.034733333,0.244,0.822,4.168,2
"REGION 7, CEBU, Cebu City, Sitio Tawagan I, Brgy Sirao",4.4,4,0.016875,0.0545,0.036308333,0.405,3.924,4.357,2
"REGION 7, CEBU, Cebu City, Sitio Langub. Brgy Sirao",4.4,4,0.016875,0.0545,0.036308333,0.405,3.924,4.357,2
"REGION 7, CEBU, Cebu City, Sitio Naga Brgy. Pamutan",5.1,6,0.01725,0.053819444,0.036166667,0.414,3.875,4.34,3
"REGION 7, CEBU, Cebu City, Sitio Lower Camparang, Brgy Kalunasan",1,5,0.007208333,0.048458333,0.053991667,0.173,3.489,6.479,3
"REGION 7, CEBU, Cebu City, Sitio Cabulihan and Sitio Bangkal Brgy Guba",4.1,4,0.007208333,0.048875,0.054258333,0.173,3.519,6.511,2
"REGION 7, CEBU, Cebu City, Sitio Lower Lamakan, Brgy Pung-ol Sibugay",4.7,6,0.007208333,0.048875,0.054258333,0.173,3.519,6.511,3
"REGION 7, CEBU, Cebu City, Sitio Lupa, Brgy Sapangdaku",4.9,6,0.007208333,0.048333333,0.0539,0.173,3.48,6.468,2
"REGION 7, CEBU, Cebu City, Proper Sirao, Brgy Sirao",4.1,4,0.007208333,0.048875,0.054258333,0.173,3.519,6.511,3
"REGION 7, CEBU, Cebu City, Sitio Campo, Brgy Binaliw",4.3,5,0.139416667,0.052486111,0.054458333,3.346,3.779,6.535,2
"REGION 7, CEBU, Cebu City, Sitio Lower, Brgy Agsungot",4.3,4,0.139416667,0.052486111,0.054458333,3.346,3.779,6.535,2
"REGION 7, CEBU, Cebu City, Sitio Masaba, brgy Tagbao",4.8,4,0,0.041555556,0.027525,0,2.992,3.303,3
"REGION 7, CEBU, Cebu City, Proper Pamutan, Brgy Pamutan",4.8,6,4.17E-05,0.041513889,0.026716667,0.001,2.989,3.206,3
"REGION 7, CEBU, Cebu City, Sitio Langub Brgy Buhisan",4.8,5,4.17E-05,0.041513889,0.026716667,0.001,2.989,3.206,2
"REGION 8, SOUTHERN LEYTE, San Ricardo, Esperanza",6.2,6,0.061875,0.058861111,0.043658333,1.485,4.238,5.239,2
"REGION 9, ZAMBOANGA DEL NORTE, Siayan, Brgy. Dumpilas",5.9,4,0.014125,0.032458333,0.054258333,0.339,2.337,6.511,3
"CARAGA, SURIGAO DEL NORTE, Malimono, Hanagdong",5.7,6,0.080666667,0.045875,0.034541667,1.936,3.303,4.145,3
"BARMM, MAGUINDANAO, South Upi, Romongaob",4.6,4,0.003291667,0.007930556,0.010008333,0.079,0.571,1.201,2
"REGION 2, CAGAYAN, Pamplona, Brgy. Centro, Sitio Alitottong",6.8,1,0.16175,0.134069444,0.1231,3.882,9.653,14.772,3
"REGION 1, LA UNION,San Fernando,  Brgy. Pao Norte",5.6,5,0.128041667,0.053708333,0.034725,3.073,3.867,4.167,3
"REGION 1, LA UNION,San Fernando,  Brgy. Cabarsican",5.6,5,0.128125,0.053736111,0.03475,3.075,3.869,4.17,3
"REGION 1, LA UNION, Bagulin, Brgy. Alibangsay",5.6,6,0.131208333,0.055541667,0.035975,3.149,3.999,4.317,2
"REGION 1, LA UNION, Sudipen, Up-uplas",5.8,5,0.203166667,0.078652778,0.049,4.876,5.663,5.88,3
"CAR, BENGUET, Itogon, Tuding, ",6,6,0.00825,0.017736111,0.017233333,0.198,1.277,2.068,3
"CAR, BENGUET, Baguio, Pacdal",5.6,5,0.137041667,0.058916667,0.038283333,3.289,4.242,4.594,2
"REGION 1, ILOCOS NORTE, Pagudpud, 14 Ester",5.7,5,0.000166667,0.023680556,0.036825,0.004,1.705,4.419,3
"REGION 1, LA UNION, Bagulin, Tagudtud",5.7,4,0.002041667,0.012875,0.028416667,0.049,0.927,3.41,3
"REGION 1, LA UNION, San Fernando, Masicong",5.5,1,0.031416667,0.016972222,0.022575,0.754,1.222,2.709,3
"REGION 1, ILOCOS SUR, Caoayan, Calipayan-Diclap",6,6,0.239541667,0.0835,0.089433333,5.749,6.012,10.732,3
"REGION 5, ALBAY, Ligao,Paulog",5.5,1,0.008125,0.009,0.00735,0.195,0.648,0.882,2
"REGION 5, ALBAY, Guinobatan, Morera",5.5,4,0.008083333,0.008888889,0.007283333,0.194,0.64,0.874,2
"REGION 5,  ALBAY, Guinobatan, Brgy Quitago",5.1,4,0.015208333,0.019319444,0.016366667,0.365,1.391,1.964,2
"CARAGA, BUTUAN CITY, Butuan, Bitan-agan",6.8,5,0.16175,0.073013889,0.044766667,3.882,5.257,5.372,3
"CARAGA, BUTUAN CITY, Butuan, Bugsukan",7.2,5,0.16175,0.075722222,0.046658333,3.882,5.452,5.599,3
"CARAGA, BUTUAN CITY, Butuan, Sumile",7,4,0.002666667,0.055680556,0.046491667,0.064,4.009,5.579,3
"REGION 6, CAPIZ, Pilar, Olalo",6,5,0.045916667,0.021111111,0.016658333,1.102,1.52,1.999,1
"REGION 6, ILOILO, Batad, Alapasco",6,4,0.045916667,0.021111111,0.016658333,1.102,1.52,1.999,3
"REGION 6, ILOILO, Bingawan, Cubay Poblacion",5.6,3,0.045916667,0.019388889,0.01645,1.102,1.396,1.974,3
"REGION 6, ILOILO, Bingawan, Ngingian",5.6,3,0.045916667,0.019388889,0.01645,1.102,1.396,1.974,3
"REGION 6, ILOILO, Calinog, Caratagan",6.1,5,0.118083333,0.057111111,0.036891667,2.834,4.112,4.427,3
"REGION 6, ILOILO, Calinog, Canabajan",3.3,3,0.118083333,0.056430556,0.036483333,2.834,4.063,4.378,3
"REGION 6, ILOILO, Calinog, Libot",3.3,1,0.118083333,0.056430556,0.036483333,2.834,4.063,4.378,3
"REGION 6, ILOILO, Calinog, Marandig",6.1,4,0.118083333,0.057111111,0.036891667,2.834,4.112,4.427,3
"REGION 6, ILOILO, Calinog, Carvasana",3.3,3,0.118083333,0.056430556,0.036483333,2.834,4.063,4.378,3
"REGION 6, ILOILO, Calinog, Nalbugan",6.1,3,0.118083333,0.057111111,0.036891667,2.834,4.112,4.427,3
"REGION 6, NEGROS OCCIDENTAL, Bacolod, Brgy. Alijis",3.5,1,0.072041667,0.057069444,0.05415,1.729,4.109,6.498,3
"REGION 6, NEGROS OCCIDENTAL, Silay, Patag",6.3,6,0.1005,0.072166667,0.077391667,2.412,5.196,9.287,5
"REGION 6, NEGROS OCCIDENTAL, Silay, Guimbala-on",3.5,3,0.072041667,0.057069444,0.05415,1.729,4.109,6.498,3
"REGION 6, NEGROS OCCIDENTAL, San Carlos, Rizal",0.9,5,0.013125,0.022277778,0.031741667,0.315,1.604,3.809,2
"REGION 6, ANTIQUE, Laua-an, Leon",3.8,5,0.018708333,0.020833333,0.02005,0.449,1.5,2.406,3
"REGION 6, ANTIQUE, Laua-an, Paningayan",3.8,5,0.018708333,0.020833333,0.02005,0.449,1.5,2.406,3
"REGION 6, ANTIQUE, Laua-an, Pandanan",3.9,5,0.029375,0.025333333,0.023891667,0.705,1.824,2.867,3
"REGION 6, ANTIQUE, Bugasong, Pangalcagan",3.9,4,0.308375,0.113958333,0.084108333,7.401,8.205,10.093,3
"REGION 8, SOUTHERN LEYTE, Maasin, Brgy Hantag",5.9,4,0.096458333,0.045708333,0.0452,2.315,3.291,5.424,3
"REGION 8, SOUTHERN LEYTE, Maasin, Brgy Sta Cruz",5.9,4,0.096458333,0.045708333,0.0452,2.315,3.291,5.424,3
"REGION 8, SOUTHERN LEYTE, Sogod, Brgy Olisihan",5.5,6,0.096458333,0.045708333,0.0452,2.315,3.291,5.424,2
"REGION 8, LEYTE, Baybay, Brgy. Gaas",3.8,1,0.096458333,0.045708333,0.0452,2.315,3.291,5.424,3
"REGION 8, LEYTE, Baybay, Villa Solidaridad",6.7,5,0.06725,0.113625,0.076308333,1.614,8.181,9.157,2
"REGION 8, LEYTE, Baybay, Kan-ipa",3.8,1,0.096458333,0.045708333,0.0452,2.315,3.291,5.424,3
"REGION 8, LEYTE, Baybay, Amguhan",5.9,4,0.096458333,0.045708333,0.0452,2.315,3.291,5.424,2
"REGION 8, LEYTE, Baybay, Punta",3.8,4,0.096458333,0.045708333,0.0452,2.315,3.291,5.424,3
"REGION 8, LEYTE, Baybay, Makinhas Sitio Pamotosan",3.8,4,0.06725,0.113625,0.076308333,1.614,8.181,9.157,2
"REGION 8, LEYTE, Isabel, Monte Alegre ",6.6,5,0.132458333,0.130291667,0.096458333,3.179,9.381,11.575,2
"REGION 8, LEYTE, Isabel, Putingbato, Sitio Santol",6.6,4,0.132458333,0.130291667,0.096458333,3.179,9.381,11.575,2
"REGION 8, LEYTE, Hilongos, Brgy. Bagumbayan",5.9,4,0.096458333,0.045708333,0.0452,2.315,3.291,5.424,3
"REGION 8, LEYTE, Abuyog, Brgy Tadoc",6.7,1,0.06725,0.113625,0.076308333,1.614,8.181,9.157,3
"REGION 8, LEYTE, La Paz, Cabanez ",3.8,1,0.142625,0.115833333,0.08725,3.423,8.34,10.47,3
"REGION 8, LEYTE, Capoocan, Brgy. Cabul-an",5.6,4,0.127541667,0.061819444,0.043233333,3.061,4.451,5.188,2
"REGION 8, LEYTE, Bato, Tagaytay",6.7,4,0.06725,0.113625,0.076308333,1.614,8.181,9.157,3
"REGION 8, LEYTE, Mahaplag, Liberasyon",6.1,4,0.06725,0.113625,0.076308333,1.614,8.181,9.157,2
"REGION 8, SAMAR, Marabut, Lipata",6.6,4,0.063,0.118305556,0.1067,1.512,8.518,12.804,3
"REGION 8, SAMAR, Daram, Brgy. San Roque Road",6.1,4,0.034833333,0.043388889,0.084416667,0.836,3.124,10.13,3
"REGION 8, SAMAR, Santa Rita, Sitio Tomambog, Brgy. Salvacion",6.6,3,0.022041667,0.042444444,0.043908333,0.529,3.056,5.269,3
"REGION 8, SAMAR, Villareal, Brgy. Tayud",6.5,1,0.036833333,0.039833333,0.05655,0.884,2.868,6.786,3
"REGION 10, MISAMIS ORIENTAL, Cagayan de Oro, Bugo",5.2,6,0.054125,0.025138889,0.02525,1.299,1.81,3.03,3
"REGION 10, MISAMIS OCCIDENTAL, Calamba, Solinog",6.3,3,0.043666667,0.026208333,0.022541667,1.048,1.887,2.705,5
"REGION 11, DAVAO DE ORO, New Bataan, Brgy. Magangit",6.4,1,0.034791667,0.022041667,0.016333333,0.835,1.587,1.96,3
"REGION 11, DAVAO DE ORO, Maragusan (San Mariano), Brgy. Cambagang",6,5,0,0.016291667,0.010041667,0,1.173,1.205,3
"REGION 12, SULTAN KUDARAT, Esperanza, Salumping",4.6,5,0.036083333,0.033458333,0.024333333,0.866,2.409,2.92,2
"CARAGA, AGUSAN DEL SUR, Trento, Pangyan",6.4,4,0.003625,0.061472222,0.0394,0.087,4.426,4.728,3
"CARAGA, AGUSAN DEL SUR, Trento, Salvacion",6.4,3,0.003625,0.061472222,0.0394,0.087,4.426,4.728,3
"CALABARZON, QUEZON, Infanta, Barangay Magsaysay",6.3,4,0.011166667,0.016722222,0.022033333,0.268,1.204,2.644,3
"REGION VI, Negros Occidental, Toboso, Sitio Malig-on, Brgy. Bandila",4.3,4,0.006875,0.008527778,0.007216667,0.165,0.614,0.866,2
"REGION VI, Negros Occidental, Toboso, Sitio Hayangon, Brgy. Magticol",4.3,4,0.06625,0.068680556,0.057083333,1.59,4.945,6.85,5
"REGION VI, Negros Occidental, Toboso, Sitio Carbon, Brgy. San Isidro",4.3,4,0.006875,0.008527778,0.007216667,0.165,0.614,0.866,2
"REGION VI, Negros Occidental, Toboso, Nueva Strella, Brgy. Tabun-ac",4.3,5,0.006875,0.008527778,0.007216667,0.165,0.614,0.866,2
"REGION II, Cagayan, Santa Praxedes, Purok Dugdugas, Cadongdongan",4.3,6,0.016833333,0.036902778,0.023025,0.404,2.657,2.763,2
"REGION II, Cagayan, Lasam, Riverbank of Centro 2 and Magsaysay Elementary, School, Brgy. Magsaysay",7.7,1,0.041666667,0.076958333,0.047033333,1,5.541,5.644,3
"REGION II, Cagayan, Pamplona, Zone 7 Brgy. Centro and Brgy. Allasitan",4.5,1,0.104166667,0.115680556,0.070008333,2.5,8.329,8.401,3
"REGION II, Cagayan, Baggao, Asassi-Temblique Boundary Road",7.2,4,0.039375,0.053805556,0.064183333,0.945,3.874,7.702,3
"REGION II, Cagayan, Baggao, Sitio Tueg, Bitag Grande",7.5,4,0.185166667,0.0995,0.100233333,4.444,7.164,12.028,3
"REGION II, Nueva Vizcaya, Quezon, Runruno, Quezon",8,6,0.002,0.012152778,0.013291667,0.048,0.875,1.595,2
"CAR, Ifugao, Banaue, Sitio Naditu, Viewpoint, Banaue, Ifugao",7.3,6,0.0825,0.041777778,0.030825,1.98,3.008,3.699,2
"CAR, Ifugao, Lamut, Ibulao River, Sitio Bulao, and Sanafe, Lamut, Ifugao.",7.8,4,0.002,0.012152778,0.013291667,0.048,0.875,1.595,2
"CAR, Ifugao, Alfonso Lista, Calupaan Riverside, Sitio Pugo, Brgy. San Juan, Alfonso Lista, Ifugao.",6.7,1,0.131166667,0.053944444,0.037375,3.148,3.884,4.485,5
"CALABARZON, Cavite, Tagaytay City, Brgy. Iruhin East",5.1,5,0.04175,0.022319444,0.022466667,1.002,1.607,2.696,2
"CALABARZON, Laguna, Calauan, Brgy. Imok",5.8,2,0.054958333,0.029597222,0.028125,1.319,2.131,3.375,5
"CALABARZON, Laguna, Pangil, Feeder Road, Brgy. Dambo",7.7,1,0.111041667,0.051055556,0.039066667,2.665,3.676,4.688,5
"CALABARZON, Quezon, Mauban, Mauban - Tayabas Road",7.9,4,0.0525,0.044916667,0.0304,1.26,3.234,3.648,5
"CALABARZON, Quezon, Real, Brgy. Tanauan",7.7,5,0.135541667,0.061013889,0.045691667,3.253,4.393,5.483,5
"CALABARZON, Quezon, Real, Brgy. Tignoan",7.7,5,0.162208333,0.074819444,0.057675,3.893,5.387,6.921,3
"CALABARZON, Quezon, Calauag, Brgy. Sta Maria",4.6,4,0.134208333,0.068361111,0.069158333,3.221,4.922,8.299,2
"CALABARZON, Quezon, San Narciso, Brgy. Abuyon",0.1,4,0.264708333,0.115430556,0.097983333,6.353,8.311,11.758,2
"CALABARZON, Quezon, Guinayangan, Brgy. Manggagawa / Calimpak",7.3,5,0.233166667,0.104222222,0.091466667,5.596,7.504,10.976,2
"CALABARZON, Quezon, Catanauan, Brgy. Maligaya",4.4,4,0.079083333,0.049444444,0.05965,1.898,3.56,7.158,2
"CALABARZON, Quezon, Gumaca, Brgy. Villa Bota",3.6,5,0.077041667,0.048152778,0.057683333,1.849,3.467,6.922,5
"CALABARZON, Quezon, Lopez, Brgy. Samat",4.4,1,0.142166667,0.071041667,0.070383333,3.412,5.115,8.446,5
"CALABARZON, Quezon, Quezon, Brgy. Poblacion V",4.5,4,0.024208333,0.036722222,0.042791667,0.581,2.644,5.135,2
"MIMAROPA, Romblon, Calatrava, Brgy. Pangulo",0,5,0,0,0,0,0,0,3
"MIMAROPA, Oriental Mindoro, Bulalacao, Brgy. Dangkalan",0,,0,0,0,0,0,0,
"REGION V, Camarines Norte, Paracale, Brgy Tugos",0,,0,0,0,0,0,0,
"REGION V, Camarines Norte, Labo, Bagacay, Canapawan, Tigbinan, and Kalabasa Bridge",0,,0,0,0,0,0,0,
"CALABARZON, Quezon, Calauag, Brgy. Sta. Maria",0,,0,0,0,0,0,0,
"CALABARZON, Laguna, Majayjay, Brgy. Bakia ",0,,0,0,0,0,0,0,
"CALABARZON, Laguna, Luisiana, Sitio Dapi, Brgy. San Antonio ",0,,0,0,0,0,0,0,
"CALABARZON, Cavite, Carmona, Brgy. Cabilang Baybay ",0,,0,0,0,0,0,0,
"CALABARZON, Cavite, Amadeo, Brgy. 6 ",0,,0,0,0,0,0,0,
"CALABARZON, Quezon , Padre Burgos, Brgy. Rizal ",0,,0,0,0,0,0,0,
"REGION II, CAGAYAN, Sta. Ana, Brgy. Patunungan ",0,,0,0,0,0,0,0,
"REGION II, NEUVA VIZCAYA, Kasibu, Brgy. Papaya-Poblacion",0,,0,0,0,0,0,0,
"REGION II, NEUVA VIZCAYA, Kayapa, Brgy.Poblacion",0,,0,0,0,0,0,0,
"CAR, BENGUET, Mankayan, Brgy. Bedbed",0,,0,0,0,0,0,0,
"CAR, IFUGAO, Hungduan, Sitio Lakdagen, Poblacion",0,,0,0,0,0,0,0,
"CAR, BENGUET, La Trinidad, KM 3 Pico",0,,0,0,0,0,0,0,
"CAR, KALINGA, Pasil, Daldalacan Malucsad",0,,0,0,0,0,0,0,
"CAR, Mt. Province, Sadanga,Igil betwagan",0,,0,0,0,0,0,0,
,,,,,,,,,
,,,,,,,,,
,,,,,,,,,
"REGION 7, NEGROS ORIENTAL, Santa Catalina, Manalongon, San Francisco, and Nagbalaye",0,,0,0,0,0,0,0,
